address,price,beds,baths,sqft,property_type,link,full_text
"682 London St, San Francisco, CA 94112","$1,195,0003",3.0,2,"1,735",House,https://www.zillow.com/homedetails/682-London-St-San-Francisco-CA-94112/15176449_zpid/,"682 London St, San Francisco, CA 94112DREIM, Wesley Wong DRE #01809489$1,195,0003 bds2 ba1,735 sqft - House for saleShow more"
"275 Teddy Ave, San Francisco, CA 94134","$849,0003",3.0,2,"1,168",House,https://www.zillow.com/homedetails/275-Teddy-Ave-San-Francisco-CA-94134/15173777_zpid/,"275 Teddy Ave, San Francisco, CA 94134$849,0003 bds2 ba1,168 sqft - House for saleShow more"
"1035 Natoma St, San Francisco, CA 94103COMPASS, Jamie Lawrence","$1,195,0003",3.0,2,"1,370",House,https://www.zillow.com/homedetails/1035-Natoma-St-San-Francisco-CA-94103/15142447_zpid/,"1035 Natoma St, San Francisco, CA 94103COMPASS, Jamie Lawrence DRE #01880379$1,195,0003 bds2 ba1,370 sqft - House for saleShow more"
"1867 15th Ave, San Francisco, CA 94122SOTHEBY'S INTERNATIONAL REALTY, Marla Moresi-Valdes","$1,895,0003",3.0,2,"2,426",House,https://www.zillow.com/homedetails/1867-15th-Ave-San-Francisco-CA-94122/15112075_zpid/,"1867 15th Ave, San Francisco, CA 94122SOTHEBY'S INTERNATIONAL REALTY, Marla Moresi-Valdes DRE #01320998$1,895,0003 bds2 ba2,426 sqft - House for saleShow more"
"3511 23rd St #3, San Francisco, CA 94110COMPASS, John C. Farnham","$599,0001",1.0,1,,House,https://www.zillow.com/homedetails/3511-23rd-St-3-San-Francisco-CA-94110/454944154_zpid/,"3511 23rd St #3, San Francisco, CA 94110COMPASS, John C. Farnham DRE #01335382$599,0001 bd1 ba-- sqft - House for saleShow more"
"69 Pond St, San Francisco, CA 94114CORCORAN ICON PROPERTIES, Tyron J. Hooper","$995,0002",2.0,1,"1,152",Condo,https://www.zillow.com/homedetails/69-Pond-St-San-Francisco-CA-94114/2144611432_zpid/,"69 Pond St, San Francisco, CA 94114CORCORAN ICON PROPERTIES, Tyron J. Hooper DRE #01788530$995,0002 bds1 ba1,152 sqft - Condo for saleShow more"
"3511 23rd St #1, San Francisco, CA 94110COMPASS, John C. Farnham","$1,399,0003",3.0,2,"1,469",House,https://www.zillow.com/homedetails/3511-23rd-St-1-San-Francisco-CA-94110/454959201_zpid/,"3511 23rd St #1, San Francisco, CA 94110COMPASS, John C. Farnham DRE #01335382$1,399,0003 bds2 ba1,469 sqft - House for saleShow more"
"2922 Pine St, San Francisco, CA 94115CITY REAL ESTATE, Lisa Miller","$1,095,0002",2.0,2,"1,070",Condo,https://www.zillow.com/homedetails/2922-Pine-St-San-Francisco-CA-94115/119685758_zpid/,"2922 Pine St, San Francisco, CA 94115CITY REAL ESTATE, Lisa Miller DRE #01395837$1,095,0002 bds2 ba1,070 sqft - Condo for saleShow more"
"1220 La Playa St APT 105, San Francisco, CA 94122SEQUOIA REAL ESTATE, Stephanie O. Mates","$236,1911",1911.0,1,663,Condo,https://www.zillow.com/homedetails/1220-La-Playa-St-APT-105-San-Francisco-CA-94122/15100778_zpid/,"1220 La Playa St APT 105, San Francisco, CA 94122SEQUOIA REAL ESTATE, Stephanie O. Mates DRE #01953347$236,1911 bd1 ba663 sqft - Condo for saleShow more"
"100 Sloat Blvd, San Francisco, CA 94132ARIA PROPERTIES, Masood Samereie","$1,795,0003",3.0,3,"1,595",House,https://www.zillow.com/homedetails/100-Sloat-Blvd-San-Francisco-CA-94132/15126539_zpid/,"100 Sloat Blvd, San Francisco, CA 94132ARIA PROPERTIES, Masood Samereie DRE #01364696$1,795,0003 bds3 ba1,595 sqft - House for saleShow more"
"715 Prague St, San Francisco, CA 94112COMPASS, David Anthony Juarez","$698,0002",2.0,1,"1,094",House,https://www.zillow.com/homedetails/715-Prague-St-San-Francisco-CA-94112/15177430_zpid/,"715 Prague St, San Francisco, CA 94112COMPASS, David Anthony Juarez DRE #01787750$698,0002 bds1 ba1,094 sqft - House for saleShow more"
"134 Albatross Ct, San Francisco, CA 94124REDFIN, Carlos L. Barrientos","$595,0004",4.0,3,"1,512",Townhouse,https://www.zillow.com/homedetails/134-Albatross-Ct-San-Francisco-CA-94124/452200858_zpid/,"134 Albatross Ct, San Francisco, CA 94124REDFIN, Carlos L. Barrientos DRE #01930130$595,0004 bds3 ba1,512 sqft - Townhouse for saleShow more"
"2239 43rd Ave, San Francisco, CA 94116","$1,499,0004",4.0,4,"1,529",House,https://www.zillow.com/homedetails/2239-43rd-Ave-San-Francisco-CA-94116/15118621_zpid/,"2239 43rd Ave, San Francisco, CA 94116$1,499,0004 bds4 ba1,529 sqft - House for saleShow more"
"444 Ellington Ave, San Francisco, CA 94112","$698,0002",2.0,1,"1,275",House,https://www.zillow.com/homedetails/444-Ellington-Ave-San-Francisco-CA-94112/15194054_zpid/,"444 Ellington Ave, San Francisco, CA 94112$698,0002 bds1 ba1,275 sqft - House for saleShow more"
"57 Masonic Ave, San Francisco, CA 94118ENGEL & VOELKERS SAN FRANCISCO, Michelle K. Pender","$1,749,0003",3.0,2,"2,332",House,https://www.zillow.com/homedetails/57-Masonic-Ave-San-Francisco-CA-94118/2101685691_zpid/,"57 Masonic Ave, San Francisco, CA 94118ENGEL & VOELKERS SAN FRANCISCO, Michelle K. Pender DRE #01911642$1,749,0003 bds2 ba2,332 sqft - House for saleShow more"
"1734 Bay St APT 103, San Francisco, CA 94123COLDWELL BANKER REALTY, Ana Roqueta","$750,0001",1.0,1,,Condo,https://www.zillow.com/homedetails/1734-Bay-St-APT-103-San-Francisco-CA-94123/15069806_zpid/,"1734 Bay St APT 103, San Francisco, CA 94123COLDWELL BANKER REALTY, Ana Roqueta DRE #00904200$750,0001 bd1 ba-- sqft - Condo for saleShow more"
"1983 15th Ave, San Francisco, CA 94116COMPASS, John R. Solaegui","$3,995,0005",5.0,5,"3,311",House,https://www.zillow.com/homedetails/1983-15th-Ave-San-Francisco-CA-94116/15114937_zpid/,"1983 15th Ave, San Francisco, CA 94116COMPASS, John R. Solaegui DRE #01398160$3,995,0005 bds5 ba3,311 sqft - House for saleShow more"
"1063-1065 Sanchez St, San Francisco, CA 94114PARK NORTH REAL ESTATE, Kathleen A. Tostanoski","$1,488,0004",4.0,1,"2,252",,https://www.zillow.com/homedetails/1063-1065-Sanchez-St-San-Francisco-CA-94114/331563044_zpid/,"1063-1065 Sanchez St, San Francisco, CA 94114PARK NORTH REAL ESTATE, Kathleen A. Tostanoski DRE #01851117$1,488,0004 bds1 ba2,252 sqft - Multi-family home for saleShow more"
"900 York St, San Francisco, CA 94110COMPASS, Scott Whelan","$1,195,0002",2.0,2,"1,436",House,https://www.zillow.com/homedetails/900-York-St-San-Francisco-CA-94110/454946447_zpid/,"900 York St, San Francisco, CA 94110COMPASS, Scott Whelan DRE #01509680$1,195,0002 bds2 ba1,436 sqft - House for saleShow more"
"401 28th St, San Francisco, CA 94131VANGUARD PROPERTIES, Derek M. Jackson","$1,495,0002",2.0,2,"1,538",House,https://www.zillow.com/homedetails/401-28th-St-San-Francisco-CA-94131/15182902_zpid/,"401 28th St, San Francisco, CA 94131VANGUARD PROPERTIES, Derek M. Jackson DRE #01971947$1,495,0002 bds2 ba1,538 sqft - House for saleShow more"
"1015 Ashbury St APT 3, San Francisco, CA 94117PARK NORTH REAL ESTATE, Kathleen A. Tostanoski","$588,0001",1.0,1,824,Condo,https://www.zillow.com/homedetails/1015-Ashbury-St-APT-3-San-Francisco-CA-94117/89237843_zpid/,"1015 Ashbury St APT 3, San Francisco, CA 94117PARK NORTH REAL ESTATE, Kathleen A. Tostanoski DRE #01851117$588,0001 bd1 ba824 sqft - Condo for saleShow more"
"1908 Buchanan St, San Francisco, CA 94115VANGUARD PROPERTIES, Robin Hubinsky","$1,995,0003",3.0,2,,House,https://www.zillow.com/homedetails/1908-Buchanan-St-San-Francisco-CA-94115/15075391_zpid/,"1908 Buchanan St, San Francisco, CA 94115VANGUARD PROPERTIES, Robin Hubinsky DRE #01330553$1,995,0003 bds2 ba-- sqft - House for saleShow more"
"1204-1206 Funston Ave, San Francisco, CA 94122COLDWELL BANKER REALTY, Ping Wang","$1,749,0004",4.0,2,"2,230",,https://www.zillow.com/homedetails/1204-1206-Funston-Ave-San-Francisco-CA-94122/331537117_zpid/,"1204-1206 Funston Ave, San Francisco, CA 94122COLDWELL BANKER REALTY, Ping Wang DRE #01957861$1,749,0004 bds2 ba2,230 sqft - Multi-family home for saleShow more"
"224 Twin Peaks Blvd, San Francisco, CA 94114VANGUARD PROPERTIES, Randy Romero","$2,750,0003",3.0,3,"1,542",House,https://www.zillow.com/homedetails/224-Twin-Peaks-Blvd-San-Francisco-CA-94114/15129666_zpid/,"224 Twin Peaks Blvd, San Francisco, CA 94114VANGUARD PROPERTIES, Randy Romero DRE #01348720$2,750,0003 bds3 ba1,542 sqft - House for saleShow more"
"3250 Folsom St, San Francisco, CA 94110CHRISTIE'S INT'L R.E. SERENO, Eugene  Pak","$1,099,0003",3.0,1,"1,668",House,https://www.zillow.com/homedetails/3250-Folsom-St-San-Francisco-CA-94110/15160120_zpid/,"3250 Folsom St, San Francisco, CA 94110CHRISTIE'S INT'L R.E. SERENO, Eugene  Pak DRE #01344334$1,099,0003 bds1 ba1,668 sqft - House for saleShow more"
"1396 Pacific Ave, San Francisco, CA 94109COLDWELL BANKER REALTY, Rachel E. Swann","$1,975,0003",3.0,2,"1,350",House,https://www.zillow.com/homedetails/1396-Pacific-Ave-San-Francisco-CA-94109/454925687_zpid/,"1396 Pacific Ave, San Francisco, CA 94109COLDWELL BANKER REALTY, Rachel E. Swann DRE #01860456$1,975,0003 bds2 ba1,350 sqft - House for saleShow more"
"65 Del Monte St, San Francisco, CA 94112","$899,9503",9503.0,1,"1,188",House,https://www.zillow.com/homedetails/65-Del-Monte-St-San-Francisco-CA-94112/15191292_zpid/,"65 Del Monte St, San Francisco, CA 94112$899,9503 bds1 ba1,188 sqft - House for saleShow more"
"340 Lombard St, San Francisco, CA 94133COMPASS, Neal Allen Ward","$15,500,0005",5.0,6,"5,725",House,https://www.zillow.com/homedetails/340-Lombard-St-San-Francisco-CA-94133/332849310_zpid/,"340 Lombard St, San Francisco, CA 94133COMPASS, Neal Allen Ward DRE #01052285$15,500,0005 bds6 ba5,725 sqft - House for saleShow more"
"363 Panorama Dr, San Francisco, CA 94131VANGUARD PROPERTIES, Kevin  Reynolds","$1,250,0002",2.0,1,"1,062",House,https://www.zillow.com/homedetails/363-Panorama-Dr-San-Francisco-CA-94131/15132384_zpid/,"363 Panorama Dr, San Francisco, CA 94131VANGUARD PROPERTIES, Kevin  Reynolds DRE #01102621$1,250,0002 bds1 ba1,062 sqft - House for saleShow more"
"650 Chestnut St APT 205, San Francisco, CA 94133","$1,250,0003",3.0,2,"1,408",Condo,https://www.zillow.com/homedetails/650-Chestnut-St-APT-205-San-Francisco-CA-94133/15063706_zpid/,"650 Chestnut St APT 205, San Francisco, CA 94133$1,250,0003 bds2 ba1,408 sqft - Condo for saleShow more"
"192 Yerba Buena Ave, San Francisco, CA 94127SOTHEBY'S INTERNATIONAL REALTY, Adrian Tan","$2,749,0004",4.0,3,"2,241",House,https://www.zillow.com/homedetails/192-Yerba-Buena-Ave-San-Francisco-CA-94127/15137255_zpid/,"192 Yerba Buena Ave, San Francisco, CA 94127SOTHEBY'S INTERNATIONAL REALTY, Adrian Tan DRE #02033364$2,749,0004 bds3 ba2,241 sqft - House for saleShow more"
"1856 Franklin St APT 4, San Francisco, CA 94109COMPASS, John L. Townsend","$1,349,0003",3.0,2,,House,https://www.zillow.com/homedetails/1856-Franklin-St-APT-4-San-Francisco-CA-94109/2082272063_zpid/,"1856 Franklin St APT 4, San Francisco, CA 94109COMPASS, John L. Townsend DRE #01716201$1,349,0003 bds2 ba-- sqft - House for saleShow more"
"555 Fulton St #322, San Francisco, CA 94102COMPASS, Robert Belli","$289,9351",9351.0,1,640,Condo,https://www.zillow.com/homedetails/555-Fulton-St-322-San-Francisco-CA-94102/325647928_zpid/,"555 Fulton St #322, San Francisco, CA 94102COMPASS, Robert Belli DRE #01913570$289,9351 bd1 ba640 sqft - Condo for saleShow more"
"2687 45th Ave, San Francisco, CA 94116","$1,649,0005",5.0,2,"1,700",House,https://www.zillow.com/homedetails/2687-45th-Ave-San-Francisco-CA-94116/15124590_zpid/,"2687 45th Ave, San Francisco, CA 94116$1,649,0005 bds2 ba1,700 sqft - House for saleShow more"
"150 Athens St, San Francisco, CA 94112","$698,0002",2.0,1,750,House,https://www.zillow.com/homedetails/150-Athens-St-San-Francisco-CA-94112/15168055_zpid/,"150 Athens St, San Francisco, CA 94112$698,0002 bds1 ba750 sqft - House for saleShow more"
"73 Santa Paula Ave, San Francisco, CA 94127BERKSHIRE HATHAWAY-FRANCISCAN, Andrew Herrera II","$3,895,0004",4.0,5,"3,215",House,https://www.zillow.com/homedetails/73-Santa-Paula-Ave-San-Francisco-CA-94127/15136802_zpid/,"73 Santa Paula Ave, San Francisco, CA 94127BERKSHIRE HATHAWAY-FRANCISCAN, Andrew Herrera II DRE #01199229$3,895,0004 bds5 ba3,215 sqft - House for saleShow more"
"170 Eastwood Dr, San Francisco, CA 94112FIFTY HILLS REAL ESTATE, Brian Tran","$2,288,0005",5.0,4,"2,604",House,https://www.zillow.com/homedetails/170-Eastwood-Dr-San-Francisco-CA-94112/15140579_zpid/,"170 Eastwood Dr, San Francisco, CA 94112FIFTY HILLS REAL ESTATE, Brian Tran DRE #01936086$2,288,0005 bds4 ba2,604 sqft - House for saleShow more"
"1632 Bush St, San Francisco, CA 94109KW ADVISORS, Tim A. Brown","$1,495,0004",4.0,2,,House,https://www.zillow.com/homedetails/1632-Bush-St-San-Francisco-CA-94109/447287724_zpid/,"1632 Bush St, San Francisco, CA 94109KW ADVISORS, Tim A. Brown DRE #00580970$1,495,0004 bds2 ba-- sqft - House for saleShow more"
"1615 La Salle Ave, San Francisco, CA 94124","$799,0003",3.0,2,"1,250",House,https://www.zillow.com/homedetails/1615-La-Salle-Ave-San-Francisco-CA-94124/15156014_zpid/,"1615 La Salle Ave, San Francisco, CA 94124$799,0003 bds2 ba1,250 sqft - House for saleShow more"
"3954 Folsom St, San Francisco, CA 94110COLDWELL BANKER REALTY, Anthony T. Christen","$625,0001",1.0,1,625,House,https://www.zillow.com/homedetails/3954-Folsom-St-San-Francisco-CA-94110/15163207_zpid/,"3954 Folsom St, San Francisco, CA 94110COLDWELL BANKER REALTY, Anthony T. Christen DRE #01326401$625,0001 bd1 ba625 sqft - House for saleShow more"
"631 Ofarrell St APT 411, San Francisco, CA 94109","$299,000",,1,520,,https://www.zillow.com/homedetails/631-Ofarrell-St-APT-411-San-Francisco-CA-94109/15069421_zpid/,"631 Ofarrell St APT 411, San Francisco, CA 94109$299,000Studio 1 ba520 sqft - For sale by ownerShow more"
"2531 Gough St, San Francisco, CA 94123COMPASS, Magdalena S. Visser","$2,195,0003",3.0,2,"1,789",Condo,https://www.zillow.com/homedetails/2531-Gough-St-San-Francisco-CA-94123/15072262_zpid/,"2531 Gough St, San Francisco, CA 94123COMPASS, Magdalena S. Visser DRE #01925742$2,195,0003 bds2 ba1,789 sqft - Condo for saleShow more"
"90 Valdez Ave, San Francisco, CA 94112","$1,378,0003",3.0,2,"1,583",House,https://www.zillow.com/homedetails/90-Valdez-Ave-San-Francisco-CA-94112/15139618_zpid/,"90 Valdez Ave, San Francisco, CA 94112$1,378,0003 bds2 ba1,583 sqft - House for saleShow more"
"30 Gilroy St, San Francisco, CA 94124","$1,248,0005",5.0,3,"2,284",House,https://www.zillow.com/homedetails/30-Gilroy-St-San-Francisco-CA-94124/15154918_zpid/,"30 Gilroy St, San Francisco, CA 94124$1,248,0005 bds3 ba2,284 sqft - House for saleShow more"
"1751 25th Ave, San Francisco, CA 94122VIVRE REAL ESTATE, Danielle H. Lazier","$1,650,0003",3.0,2,"1,975",House,https://www.zillow.com/homedetails/1751-25th-Ave-San-Francisco-CA-94122/15111029_zpid/,"1751 25th Ave, San Francisco, CA 94122VIVRE REAL ESTATE, Danielle H. Lazier DRE #01340326$1,650,0003 bds2 ba1,975 sqft - House for saleShow more"
"807 Vienna St, San Francisco, CA 94112COMPASS, Juanjuan Huang","$1,395,0003",3.0,3,"1,755",House,https://www.zillow.com/homedetails/807-Vienna-St-San-Francisco-CA-94112/15176632_zpid/,"807 Vienna St, San Francisco, CA 94112COMPASS, Juanjuan Huang DRE #01934195$1,395,0003 bds3 ba1,755 sqft - House for saleShow more"
"71 Woodward St, San Francisco, CA 94103COMPASS, Tim Farrell","$575,0002",2.0,1,,House,https://www.zillow.com/homedetails/71-Woodward-St-San-Francisco-CA-94103/2075613553_zpid/,"71 Woodward St, San Francisco, CA 94103COMPASS, Tim Farrell DRE #01435877$575,0002 bds1 ba-- sqft - House for saleShow more"
"53 Elsie St, San Francisco, CA 94110","$1,600,0002",2.0,2,"1,385",House,https://www.zillow.com/homedetails/53-Elsie-St-San-Francisco-CA-94110/15161157_zpid/,"53 Elsie St, San Francisco, CA 94110$1,600,0002 bds2 ba1,385 sqft - House for saleShow more"
"2312 Pacific Ave, San Francisco, CA 94115COMPASS, Neal Allen Ward","$15,495,0005",5.0,5,"7,288",House,https://www.zillow.com/homedetails/2312-Pacific-Ave-San-Francisco-CA-94115/15073276_zpid/,"2312 Pacific Ave, San Francisco, CA 94115COMPASS, Neal Allen Ward DRE #01052285$15,495,0005 bds5 ba7,288 sqft - House for saleShow more"
"2800 Pacific Ave, San Francisco, CA 94115SOTHEBY'S INTERNATIONAL REALTY, Patricia A. Lawton","$10,990,0005",5.0,6,"8,179",House,https://www.zillow.com/homedetails/2800-Pacific-Ave-San-Francisco-CA-94115/15080877_zpid/,"2800 Pacific Ave, San Francisco, CA 94115SOTHEBY'S INTERNATIONAL REALTY, Patricia A. Lawton DRE #01233061$10,990,0005 bds6 ba8,179 sqft - House for saleShow more"
"3983 19th St, San Francisco, CA 94114ELEVATION REAL ESTATE, Edmond D. O'Sullivan","$1,795,0003",3.0,2,"2,068",House,https://www.zillow.com/homedetails/3983-19th-St-San-Francisco-CA-94114/15145139_zpid/,"3983 19th St, San Francisco, CA 94114ELEVATION REAL ESTATE, Edmond D. O'Sullivan DRE #01407927$1,795,0003 bds2 ba2,068 sqft - House for saleShow more"
"1 Rausch St APT A, San Francisco, CA 94103SOTHEBY'S INTERNATIONAL REALTY, Debbie Hemingway","$799,0001",1.0,2,"1,044",Condo,https://www.zillow.com/homedetails/1-Rausch-St-APT-A-San-Francisco-CA-94103/15147436_zpid/,"1 Rausch St APT A, San Francisco, CA 94103SOTHEBY'S INTERNATIONAL REALTY, Debbie Hemingway DRE #00901881$799,0001 bd2 ba1,044 sqft - Condo for saleShow more"
"961 Teresita Blvd, San Francisco, CA 94127COLDWELL BANKER REALTY, Joseph C. Chav","$1,695,0003",3.0,3,"1,564",House,https://www.zillow.com/homedetails/961-Teresita-Blvd-San-Francisco-CA-94127/15137094_zpid/,"961 Teresita Blvd, San Francisco, CA 94127COLDWELL BANKER REALTY, Joseph C. Chav DRE #01493913$1,695,0003 bds3 ba1,564 sqft - House for saleShow more"
"43 Sussex St, San Francisco, CA 94131KW ADVISORS, Tim A. Brown","$995,0003",3.0,2,,House,https://www.zillow.com/homedetails/43-Sussex-St-San-Francisco-CA-94131/332863329_zpid/,"43 Sussex St, San Francisco, CA 94131KW ADVISORS, Tim A. Brown DRE #00580970$995,0003 bds2 ba-- sqft - House for saleShow more"
"383 Haight St, San Francisco, CA 94102KW ADVISORS, Karen A. Mai","$550,0002",2.0,1,670,House,https://www.zillow.com/homedetails/383-Haight-St-San-Francisco-CA-94102/2060513139_zpid/,"383 Haight St, San Francisco, CA 94102KW ADVISORS, Karen A. Mai DRE #01849461$550,0002 bds1 ba670 sqft - House for saleShow more"
"988 Harrison St #YH3, San Francisco, CA 94107COMPASS, Antoine P. Crumeyrolle","$599,0002",2.0,2,,,https://www.zillow.com/homedetails/988-Harrison-St-YH3-San-Francisco-CA-94107/454679731_zpid/,"988 Harrison St #YH3, San Francisco, CA 94107COMPASS, Antoine P. Crumeyrolle DRE #01395566$599,0002 bds2 ba-- sqft - New constructionShow more"
"181 Fremont St UNIT 70, San Francisco, CA 94105181 Fremont, COMPASS, Carmen Legarda","$35,000,0004",4.0,7,"6,941",,https://www.zillow.com/homedetails/181-Fremont-St-UNIT-70-San-Francisco-CA-94105/249664894_zpid/,"181 Fremont St UNIT 70, San Francisco, CA 94105181 Fremont, COMPASS, Carmen Legarda DRE #02043635$35,000,0004 bds7 ba6,941 sqft - New constructionShow more"
"23-A Delmar St, San Francisco, CA 94117CITY REAL ESTATE, Anna Coles","$799,0002",2.0,1,752,Condo,https://www.zillow.com/homedetails/23-A-Delmar-St-San-Francisco-CA-94117/111924367_zpid/,"23-A Delmar St, San Francisco, CA 94117CITY REAL ESTATE, Anna Coles DRE #02045498$799,0002 bds1 ba752 sqft - Condo for saleShow more"
"823 Hampshire St, San Francisco, CA 94110COMPASS, Diana Klein","$995,0003",3.0,2,"1,193",House,https://www.zillow.com/homedetails/823-Hampshire-St-San-Francisco-CA-94110/2071262374_zpid/,"823 Hampshire St, San Francisco, CA 94110COMPASS, Diana Klein DRE #02020044$995,0003 bds2 ba1,193 sqft - House for saleShow more"
"40 Hillway Ave, San Francisco, CA 94117COMPASS, Amanda M. Jones","$2,050,0003",3.0,2,"1,744",House,https://www.zillow.com/homedetails/40-Hillway-Ave-San-Francisco-CA-94117/15088000_zpid/,"40 Hillway Ave, San Francisco, CA 94117COMPASS, Amanda M. Jones DRE #01390012$2,050,0003 bds2 ba1,744 sqft - House for saleShow more"
"1451 43rd Ave, San Francisco, CA 94122","$1,598,0003",3.0,2,"1,388",House,https://www.zillow.com/homedetails/1451-43rd-Ave-San-Francisco-CA-94122/15104357_zpid/,"1451 43rd Ave, San Francisco, CA 94122$1,598,0003 bds2 ba1,388 sqft - House for saleShow more"
"589 Texas St, San Francisco, CA 94107LAUREL REALTY & INVESTMENT, Jeff J. Appenrodt","$795,0002",2.0,2,"1,302",House,https://www.zillow.com/homedetails/589-Texas-St-San-Francisco-CA-94107/332860756_zpid/,"589 Texas St, San Francisco, CA 94107LAUREL REALTY & INVESTMENT, Jeff J. Appenrodt DRE #01336153$795,0002 bds2 ba1,302 sqft - House for saleShow more"
"946 Capitol Ave, San Francisco, CA 94112TRAN REAL ESTATE, Veronica V. Tran","$999,0003",3.0,2,"1,360",House,https://www.zillow.com/homedetails/946-Capitol-Ave-San-Francisco-CA-94112/15190646_zpid/,"946 Capitol Ave, San Francisco, CA 94112TRAN REAL ESTATE, Veronica V. Tran DRE #01222121$999,0003 bds2 ba1,360 sqft - House for saleShow more"
"2418 21st Ave, San Francisco, CA 94116SOTHEBY'S INTERNATIONAL REALTY, Robert N. Moffatt","$2,295,0005",5.0,4,"3,122",House,https://www.zillow.com/homedetails/2418-21st-Ave-San-Francisco-CA-94116/15122655_zpid/,"2418 21st Ave, San Francisco, CA 94116SOTHEBY'S INTERNATIONAL REALTY, Robert N. Moffatt DRE #01786315$2,295,0005 bds4 ba3,122 sqft - House for saleShow more"
"161 Dalewood Way, San Francisco, CA 94127CENTURY 21 MASTERS, Shu Pu","$1,998,0004",4.0,3,"2,027",House,https://www.zillow.com/homedetails/161-Dalewood-Way-San-Francisco-CA-94127/15135099_zpid/,"161 Dalewood Way, San Francisco, CA 94127CENTURY 21 MASTERS, Shu Pu DRE #01726454$1,998,0004 bds3 ba2,027 sqft - House for saleShow more"
"2730 Vallejo St, San Francisco, CA 94123SOTHEBY'S INTERNATIONAL REALTY, Carrie Buchanan-Goodman","$18,000,0006",6.0,6,"6,105",House,https://www.zillow.com/homedetails/2730-Vallejo-St-San-Francisco-CA-94123/15080704_zpid/,"2730 Vallejo St, San Francisco, CA 94123SOTHEBY'S INTERNATIONAL REALTY, Carrie Buchanan-Goodman DRE #01736609$18,000,0006 bds6 ba6,105 sqft - House for saleShow more"
"222 Jersey St, San Francisco, CA 94114ENGEL & VOELKERS MILL VALLEY, Michael P. Kramer","$2,495,0005",5.0,8,"5,200",House,https://www.zillow.com/homedetails/222-Jersey-St-San-Francisco-CA-94114/2082886899_zpid/,"222 Jersey St, San Francisco, CA 94114ENGEL & VOELKERS MILL VALLEY, Michael P. Kramer DRE #01918367$2,495,0005 bds8 ba5,200 sqft - House for saleShow more"
"639 18th Ave, San Francisco, CA 94121ELEVATION REAL ESTATE, Edmond D. O'Sullivan","$1,695,0003",3.0,2,"1,677",House,https://www.zillow.com/homedetails/639-18th-Ave-San-Francisco-CA-94121/15097876_zpid/,"639 18th Ave, San Francisco, CA 94121ELEVATION REAL ESTATE, Edmond D. O'Sullivan DRE #01407927$1,695,0003 bds2 ba1,677 sqft - House for saleShow more"
"965 Alvarado St APT 5, San Francisco, CA 94114COMPASS, Laura A. Rogers","$599,0001",1.0,1,,House,https://www.zillow.com/homedetails/965-Alvarado-St-APT-5-San-Francisco-CA-94114/2138051762_zpid/,"965 Alvarado St APT 5, San Francisco, CA 94114COMPASS, Laura A. Rogers DRE #01307471$599,0001 bd1 ba-- sqft - House for saleShow more"
"855 La Playa St APT 360, San Francisco, CA 94121COMPASS, Saba Shoaeioskouei","$819,0002",2.0,2,"1,193",Condo,https://www.zillow.com/homedetails/855-La-Playa-St-APT-360-San-Francisco-CA-94121/15100665_zpid/,"855 La Playa St APT 360, San Francisco, CA 94121COMPASS, Saba Shoaeioskouei DRE #01973554$819,0002 bds2 ba1,193 sqft - Condo for saleShow more"
"3470 20th St #2, San Francisco, CA 94110CITY REAL ESTATE, David G. Cohen","$795,0002",2.0,1,955,Condo,https://www.zillow.com/homedetails/3470-20th-St-2-San-Francisco-CA-94110/82785812_zpid/,"3470 20th St #2, San Francisco, CA 94110CITY REAL ESTATE, David G. Cohen DRE #01447526$795,0002 bds1 ba955 sqft - Condo for saleShow more"
"68 Castro St, San Francisco, CA 94114COLDWELL BANKER REALTY, Annette M. Liberty","$3,395,0004",4.0,3,"2,744",House,https://www.zillow.com/homedetails/68-Castro-St-San-Francisco-CA-94114/15126987_zpid/,"68 Castro St, San Francisco, CA 94114COLDWELL BANKER REALTY, Annette M. Liberty DRE #00997798$3,395,0004 bds3 ba2,744 sqft - House for saleShow more"
"102 Baker St APT B, San Francisco, CA 94117SOTHEBY'S INTERNATIONAL REALTY, Callum C. Hutchins","$1,495,0002",2.0,3,"1,249",House,https://www.zillow.com/homedetails/102-Baker-St-APT-B-San-Francisco-CA-94117/454880377_zpid/,"102 Baker St APT B, San Francisco, CA 94117SOTHEBY'S INTERNATIONAL REALTY, Callum C. Hutchins DRE #01176371$1,495,0002 bds3 ba1,249 sqft - House for saleShow more"
"3101 Clay St APT 3, San Francisco, CA 94115COMPASS, Maximillian D. Armour","$1,695,0002",2.0,2,"1,195",Condo,https://www.zillow.com/homedetails/3101-Clay-St-APT-3-San-Francisco-CA-94115/15082132_zpid/,"3101 Clay St APT 3, San Francisco, CA 94115COMPASS, Maximillian D. Armour DRE #01446122$1,695,0002 bds2 ba1,195 sqft - Condo for saleShow more"
"1155 Leavenworth St APT 7, San Francisco, CA 94109VANGUARD PROPERTIES, Patrick Michael Carney","$399,000",,1,,House,https://www.zillow.com/homedetails/1155-Leavenworth-St-APT-7-San-Francisco-CA-94109/2094194050_zpid/,"1155 Leavenworth St APT 7, San Francisco, CA 94109VANGUARD PROPERTIES, Patrick Michael Carney DRE #02228328$399,000Studio 1 ba-- sqft - House for saleShow more"
"2567 Bryant St, San Francisco, CA 94110SOTHEBY'S INTERNATIONAL REALTY, Kilby E. Stenkamp","$1,298,0005",5.0,2,"2,360",House,https://www.zillow.com/homedetails/2567-Bryant-St-San-Francisco-CA-94110/15151859_zpid/,"2567 Bryant St, San Francisco, CA 94110SOTHEBY'S INTERNATIONAL REALTY, Kilby E. Stenkamp DRE #01208585$1,298,0005 bds2 ba2,360 sqft - House for saleShow more"
"284 Allison St, San Francisco, CA 94112CORCORAN ICON PROPERTIES, Scott A. Rose","$1,198,0003",3.0,2,"1,424",House,https://www.zillow.com/homedetails/284-Allison-St-San-Francisco-CA-94112/15179147_zpid/,"284 Allison St, San Francisco, CA 94112CORCORAN ICON PROPERTIES, Scott A. Rose DRE #01376155$1,198,0003 bds2 ba1,424 sqft - House for saleShow more"
"450 Hayes St UNIT 3H, San Francisco, CA 94102COMPASS, Robert Belli","$323,1191",1191.0,1,673,Condo,https://www.zillow.com/homedetails/450-Hayes-St-UNIT-3H-San-Francisco-CA-94102/249698332_zpid/,"450 Hayes St UNIT 3H, San Francisco, CA 94102COMPASS, Robert Belli DRE #01913570$323,1191 bd1 ba673 sqft - Condo for saleShow more"
"102 Baker St APT A, San Francisco, CA 94117SOTHEBY'S INTERNATIONAL REALTY, Callum C. Hutchins","$2,195,0003",3.0,4,"1,900",House,https://www.zillow.com/homedetails/102-Baker-St-APT-A-San-Francisco-CA-94117/454870007_zpid/,"102 Baker St APT A, San Francisco, CA 94117SOTHEBY'S INTERNATIONAL REALTY, Callum C. Hutchins DRE #01176371$2,195,0003 bds4 ba1,900 sqft - House for saleShow more"
"2655 Steiner St, San Francisco, CA 94115CORCORAN ICON PROPERTIES, Dianne Weaver","$6,200,0005",5.0,5,"4,411",House,https://www.zillow.com/homedetails/2655-Steiner-St-San-Francisco-CA-94115/15073326_zpid/,"2655 Steiner St, San Francisco, CA 94115CORCORAN ICON PROPERTIES, Dianne Weaver DRE #00547659$6,200,0005 bds5 ba4,411 sqft - House for saleShow more"
"700 12th Ave APT 2, San Francisco, CA 94118GM GREEN REAL ESTATE, INC., Bob Walker","$899,0003",3.0,2,"1,097",House,https://www.zillow.com/homedetails/700-12th-Ave-APT-2-San-Francisco-CA-94118/2082968137_zpid/,"700 12th Ave APT 2, San Francisco, CA 94118GM GREEN REAL ESTATE, INC., Bob Walker DRE #01209683$899,0003 bds2 ba1,097 sqft - House for saleShow more"
"1643 43rd Ave, San Francisco, CA 94122HEATH REAL ESTATE, Tyler Stewart","$1,875,0003",3.0,2,"2,106",House,https://www.zillow.com/homedetails/1643-43rd-Ave-San-Francisco-CA-94122/15108302_zpid/,"1643 43rd Ave, San Francisco, CA 94122HEATH REAL ESTATE, Tyler Stewart DRE #01901386$1,875,0003 bds2 ba2,106 sqft - House for saleShow more"
"2790 19th Ave UNIT 21, San Francisco, CA 94132COMPASS, Michael Freethy","$995,0003",3.0,2,"1,460",Condo,https://www.zillow.com/homedetails/2790-19th-Ave-UNIT-21-San-Francisco-CA-94132/15126560_zpid/,"2790 19th Ave UNIT 21, San Francisco, CA 94132COMPASS, Michael Freethy DRE #01076577$995,0003 bds2 ba1,460 sqft - Condo for saleShow more"
"1315 Laguna St APT 6, San Francisco, CA 94115BERKSHIRE HATHAWAY-FRANCISCAN, Andrew de Vries","$429,0002",2.0,1,850,Condo,https://www.zillow.com/homedetails/1315-Laguna-St-APT-6-San-Francisco-CA-94115/64972199_zpid/,"1315 Laguna St APT 6, San Francisco, CA 94115BERKSHIRE HATHAWAY-FRANCISCAN, Andrew de Vries DRE #01368031$429,0002 bds1 ba850 sqft - Condo for saleShow more"
"1600 Anza St, San Francisco, CA 94118COMPASS, Missy Wyant Smit","$849,0001",1.0,1,775,House,https://www.zillow.com/homedetails/1600-Anza-St-San-Francisco-CA-94118/2087110456_zpid/,"1600 Anza St, San Francisco, CA 94118COMPASS, Missy Wyant Smit DRE #01408017$849,0001 bd1 ba775 sqft - House for saleShow more"
"612 Plan, MIRATishman Speyer","$385,168",2.0,1,826,,https://www.zillow.com/community/mira/443718542_zpid/,"612 Plan, MIRATishman Speyer$385,168+2 bds1 ba826 sqft - New construction"
"245 Alhambra St, San Francisco, CA 94123SOTHEBY'S INTERNATIONAL REALTY, Marie T. Carr","$4,995,0004",4.0,4,"2,895",House,https://www.zillow.com/homedetails/245-Alhambra-St-San-Francisco-CA-94123/15070738_zpid/,"245 Alhambra St, San Francisco, CA 94123SOTHEBY'S INTERNATIONAL REALTY, Marie T. Carr DRE #01739426$4,995,0004 bds4 ba2,895 sqft - House for saleShow more"
"1587 Revere Ave, San Francisco, CA 94124","$899,0003",3.0,2,"1,681",House,https://www.zillow.com/homedetails/1587-Revere-Ave-San-Francisco-CA-94124/15157212_zpid/,"1587 Revere Ave, San Francisco, CA 94124$899,0003 bds2 ba1,681 sqft - House for saleShow more"
"450 Carl St, San Francisco, CA 94117NOW HOMES, Leon De-Levi","$1,000,0002",2.0,2,952,Condo,https://www.zillow.com/homedetails/450-Carl-St-San-Francisco-CA-94117/15087564_zpid/,"450 Carl St, San Francisco, CA 94117NOW HOMES, Leon De-Levi DRE #01034862$1,000,0002 bds2 ba952 sqft - Condo for saleShow more"
"102 Baker St #PENTHOUSE, San Francisco, CA 94117SOTHEBY'S INTERNATIONAL REALTY, Callum C. Hutchins","$1,750,0002",2.0,3,"1,394",House,https://www.zillow.com/homedetails/102-Baker-St-PENTHOUSE-San-Francisco-CA-94117/454932209_zpid/,"102 Baker St #PENTHOUSE, San Francisco, CA 94117SOTHEBY'S INTERNATIONAL REALTY, Callum C. Hutchins DRE #01176371$1,750,0002 bds3 ba1,394 sqft - House for saleShow more"
"2287 45th Ave, San Francisco, CA 94116PRESTIGE REALTY, Ming Lei","$2,399,9005",9005.0,4,"2,507",House,https://www.zillow.com/homedetails/2287-45th-Ave-San-Francisco-CA-94116/15118530_zpid/,"2287 45th Ave, San Francisco, CA 94116PRESTIGE REALTY, Ming Lei DRE #01934839$2,399,9005 bds4 ba2,507 sqft - House for saleShow more"
"269 Chattanooga St, San Francisco, CA 94114COMPASS, Butch Haze","$1,800,0003",3.0,3,"2,023",House,https://www.zillow.com/homedetails/269-Chattanooga-St-San-Francisco-CA-94114/2094155425_zpid/,"269 Chattanooga St, San Francisco, CA 94114COMPASS, Butch Haze DRE #01140774$1,800,0003 bds3 ba2,023 sqft - House for saleShow more"
"520 Natoma St APT 6, San Francisco, CA 94103VANGUARD PROPERTIES, Robert Lane Gibson","$349,0001",1.0,1,450,House,https://www.zillow.com/homedetails/520-Natoma-St-APT-6-San-Francisco-CA-94103/2079203358_zpid/,"520 Natoma St APT 6, San Francisco, CA 94103VANGUARD PROPERTIES, Robert Lane Gibson DRE #02075156$349,0001 bd1 ba450 sqft - House for saleShow more"
"2295 Vallejo St APT 405, San Francisco, CA 94123COMPASS, John Murphy","$995,0001",1.0,1,660,Condo,https://www.zillow.com/homedetails/2295-Vallejo-St-APT-405-San-Francisco-CA-94123/15072619_zpid/,"2295 Vallejo St APT 405, San Francisco, CA 94123COMPASS, John Murphy DRE #01942199$995,0001 bd1 ba660 sqft - Condo for saleShow more"
"1301 Indiana Street #404, San Francisco, CA 94107VANGUARD PROPERTIES","$1,395,0003",3.0,2,"1,483",Condo,https://www.zillow.com/homedetails/1301-Indiana-St-UNIT-404-San-Francisco-CA-94107/119584685_zpid/,"1301 Indiana Street #404, San Francisco, CA 94107VANGUARD PROPERTIES$1,395,0003 bds2 ba1,483 sqft - Condo for saleShow more"
"315 Topeka Ave, San Francisco, CA 94124","$899,0003",3.0,2,"1,500",House,https://www.zillow.com/homedetails/315-Topeka-Ave-San-Francisco-CA-94124/15157602_zpid/,"315 Topeka Ave, San Francisco, CA 94124$899,0003 bds2 ba1,500 sqft - House for saleShow more"
"1 Bluxome St APT 317, San Francisco, CA 94107CHRISTIE'S INT'L REAL ESTATE, Mark Choey","$899,0002",2.0,2,"1,361",Condo,https://www.zillow.com/homedetails/1-Bluxome-St-APT-317-San-Francisco-CA-94107/67394651_zpid/,"1 Bluxome St APT 317, San Francisco, CA 94107CHRISTIE'S INT'L REAL ESTATE, Mark Choey DRE #01701189$899,0002 bds2 ba1,361 sqft - Condo for saleShow more"
"4057 19th St, San Francisco, CA 94114SOTHEBY'S INTERNATIONAL REALTY, Christopher Meza","$1,295,0002",2.0,2,"1,068",Condo,https://www.zillow.com/homedetails/4057-19th-St-San-Francisco-CA-94114/82785819_zpid/,"4057 19th St, San Francisco, CA 94114SOTHEBY'S INTERNATIONAL REALTY, Christopher Meza DRE #01913977$1,295,0002 bds2 ba1,068 sqft - Condo for saleShow more"
"2440 Clay St, San Francisco, CA 94115COMPASS, David B. Bellings","$2,598,0005",5.0,3,"2,584",Condo,https://www.zillow.com/homedetails/2440-Clay-St-San-Francisco-CA-94115/50449090_zpid/,"2440 Clay St, San Francisco, CA 94115COMPASS, David B. Bellings DRE #00877838$2,598,0005 bds3 ba2,584 sqft - Condo for saleShow more"
"57 Niagara Ave, San Francisco, CA 94112COMPASS, Amanda M. Jones","$1,495,0005",5.0,5,"2,399",House,https://www.zillow.com/homedetails/57-Niagara-Ave-San-Francisco-CA-94112/15191339_zpid/,"57 Niagara Ave, San Francisco, CA 94112COMPASS, Amanda M. Jones DRE #01390012$1,495,0005 bds5 ba2,399 sqft - House for saleShow more"
"1976 Fell St, San Francisco, CA 94117","$999,0003",3.0,2,"1,624",Condo,https://www.zillow.com/homedetails/1976-Fell-St-San-Francisco-CA-94117/184816851_zpid/,"1976 Fell St, San Francisco, CA 94117$999,0003 bds2 ba1,624 sqft - Condo for saleShow more"
"224 Shields St, San Francisco, CA 94132","$1,299,0002",2.0,4,"2,032",House,https://www.zillow.com/homedetails/224-Shields-St-San-Francisco-CA-94132/15190324_zpid/,"224 Shields St, San Francisco, CA 94132$1,299,0002 bds4 ba2,032 sqft - House for saleShow more"
"672 Castro St #672, San Francisco, CA 94114VANGUARD PROPERTIES, Kevin L. Kropp","$1,199,0003",3.0,1,"1,604",House,https://www.zillow.com/homedetails/672-Castro-St-672-San-Francisco-CA-94114/447361422_zpid/,"672 Castro St #672, San Francisco, CA 94114VANGUARD PROPERTIES, Kevin L. Kropp DRE #01413211$1,199,0003 bds1 ba1,604 sqft - House for saleShow more"
"2011 3rd St APT 6, San Francisco, CA 94107COMPASS, Tara Burke","$1,095,0002",2.0,2,"1,210",Condo,https://www.zillow.com/homedetails/2011-3rd-St-APT-6-San-Francisco-CA-94107/80735693_zpid/,"2011 3rd St APT 6, San Francisco, CA 94107COMPASS, Tara Burke DRE #01355264$1,095,0002 bds2 ba1,210 sqft - Condo for saleShow more"
"1265 Union St, San Francisco, CA 94109COMPASS, Maeve Rossington","$1,425,0002",2.0,2,"1,367",House,https://www.zillow.com/homedetails/1265-Union-St-San-Francisco-CA-94109/2101508161_zpid/,"1265 Union St, San Francisco, CA 94109COMPASS, Maeve Rossington DRE #01476615$1,425,0002 bds2 ba1,367 sqft - House for saleShow more"
"2853 Broderick St, San Francisco, CA 94123","$8,299,0006",6.0,6,"4,526",House,https://www.zillow.com/homedetails/2853-Broderick-St-San-Francisco-CA-94123/332851987_zpid/,"2853 Broderick St, San Francisco, CA 94123$8,299,0006 bds6 ba4,526 sqft - House for saleShow more"
"226 Roosevelt Way #A, San Francisco, CA 94114COMPASS, Lauren OBrien","$1,495,0003",3.0,2,"1,495",House,https://www.zillow.com/homedetails/226-Roosevelt-Way-A-San-Francisco-CA-94114/450247167_zpid/,"226 Roosevelt Way #A, San Francisco, CA 94114COMPASS, Lauren OBrien DRE #01775998$1,495,0003 bds2 ba1,495 sqft - House for saleShow more"
"658 Lisbon St, San Francisco, CA 94112","$645,0002",2.0,1,815,House,https://www.zillow.com/homedetails/658-Lisbon-St-San-Francisco-CA-94112/15176347_zpid/,"658 Lisbon St, San Francisco, CA 94112$645,0002 bds1 ba815 sqft - House for saleShow more"
"1100 Cortland Ave, San Francisco, CA 94110ELEVATION REAL ESTATE, Edmond D. O'Sullivan","$799,0002",2.0,1,704,House,https://www.zillow.com/homedetails/1100-Cortland-Ave-San-Francisco-CA-94110/15162863_zpid/,"1100 Cortland Ave, San Francisco, CA 94110ELEVATION REAL ESTATE, Edmond D. O'Sullivan DRE #01407927$799,0002 bds1 ba704 sqft - House for saleShow more"
"77 Reddy St, San Francisco, CA 94124PARK NORTH REAL ESTATE, Tim Hawko","$735,5003",5003.0,1,"1,360",House,https://www.zillow.com/homedetails/77-Reddy-St-San-Francisco-CA-94124/15158851_zpid/,"77 Reddy St, San Francisco, CA 94124PARK NORTH REAL ESTATE, Tim Hawko DRE #01159599$735,5003 bds1 ba1,360 sqft - House for saleShow more"
"363 Prague St, San Francisco, CA 94112COMPASS, Timothy G. Fong","$1,198,0004",4.0,2,"1,553",House,https://www.zillow.com/homedetails/363-Prague-St-San-Francisco-CA-94112/15175017_zpid/,"363 Prague St, San Francisco, CA 94112COMPASS, Timothy G. Fong DRE #01458366$1,198,0004 bds2 ba1,553 sqft - House for saleShow more"
"199 Edgewood Ave, San Francisco, CA 94117COMPASS, Bridget R. Cannata Denning","$1,995,0003",3.0,3,"2,142",House,https://www.zillow.com/homedetails/199-Edgewood-Ave-San-Francisco-CA-94117/15128024_zpid/,"199 Edgewood Ave, San Francisco, CA 94117COMPASS, Bridget R. Cannata Denning DRE #01880904$1,995,0003 bds3 ba2,142 sqft - House for saleShow more"
"517 Ortega St, San Francisco, CA 94122","$2,095,0004",4.0,3,"2,371",House,https://www.zillow.com/homedetails/517-Ortega-St-San-Francisco-CA-94122/15111979_zpid/,"517 Ortega St, San Francisco, CA 94122$2,095,0004 bds3 ba2,371 sqft - House for saleShow more"
"536 Wisconsin St, San Francisco, CA 94107CORCORAN ICON PROPERTIES, Seth Skolnick","$999,9992",9992.0,2,"1,220",Condo,https://www.zillow.com/homedetails/536-Wisconsin-St-San-Francisco-CA-94107/15149779_zpid/,"536 Wisconsin St, San Francisco, CA 94107CORCORAN ICON PROPERTIES, Seth Skolnick DRE #01352409$999,9992 bds2 ba1,220 sqft - Condo for saleShow more"
"1043 Francisco St, San Francisco, CA 94109COMPASS, Nina Hatvany","$9,995,0004",4.0,5,"4,560",House,https://www.zillow.com/homedetails/1043-Francisco-St-San-Francisco-CA-94109/447276609_zpid/,"1043 Francisco St, San Francisco, CA 94109COMPASS, Nina Hatvany DRE #01152226$9,995,0004 bds5 ba4,560 sqft - House for saleShow more"
"1632 N Point St, San Francisco, CA 94123COMPASS, Monica M. Pauli","$3,250,0004",4.0,4,,,https://www.zillow.com/homedetails/1632-N-Point-St-San-Francisco-CA-94123/15070069_zpid/,"1632 N Point St, San Francisco, CA 94123COMPASS, Monica M. Pauli DRE #01309178$3,250,0004 bds4 ba-- sqft - Multi-family home for saleShow more"
"3005 20th Street, San Francisco, CA 94110PRINCETON PACIFIC PROPERTIES","$699,9992",9992.0,1,"1,046",Condo,https://www.zillow.com/homedetails/3005-20th-St-San-Francisco-CA-94110/454881041_zpid/,"3005 20th Street, San Francisco, CA 94110PRINCETON PACIFIC PROPERTIES$699,9992 bds1 ba1,046 sqft - Condo for saleShow more"
"2041-2043 Fulton St, San Francisco, CA 94117NOVO, Cary M. Chan","$1,888,8888",8888.0,4,"3,500",,https://www.zillow.com/homedetails/2041-2043-Fulton-St-San-Francisco-CA-94117/332852972_zpid/,"2041-2043 Fulton St, San Francisco, CA 94117NOVO, Cary M. Chan DRE #01319108$1,888,8888 bds4 ba3,500 sqft - Multi-family home for saleShow more"
"446 Bayview Cir, San Francisco, CA 94124","$799,0003",3.0,3,"1,472",House,https://www.zillow.com/homedetails/446-Bayview-Cir-San-Francisco-CA-94124/15156859_zpid/,"446 Bayview Cir, San Francisco, CA 94124$799,0003 bds3 ba1,472 sqft - House for saleShow more"
"875 La Playa St APT 373, San Francisco, CA 94121COMPASS, Norman Fung","$598,0001",1.0,1,767,Condo,https://www.zillow.com/homedetails/875-La-Playa-St-APT-373-San-Francisco-CA-94121/15100613_zpid/,"875 La Playa St APT 373, San Francisco, CA 94121COMPASS, Norman Fung DRE #01894592$598,0001 bd1 ba767 sqft - Condo for saleShow more"
"707 19th Ave, San Francisco, CA 94121SOTHEBY'S INTERNATIONAL REALTY, Olga Milan-Howells","$1,398,0003",3.0,1,"1,279",House,https://www.zillow.com/homedetails/707-19th-Ave-San-Francisco-CA-94121/15099261_zpid/,"707 19th Ave, San Francisco, CA 94121SOTHEBY'S INTERNATIONAL REALTY, Olga Milan-Howells DRE #01294290$1,398,0003 bds1 ba1,279 sqft - House for saleShow more"
"270 Valencia St APT 201, San Francisco, CA 94103KW ADVISORS, Jennifer Rosdail","$424,9982",9982.0,1,816,Condo,https://www.zillow.com/homedetails/270-Valencia-St-APT-201-San-Francisco-CA-94103/69819084_zpid/,"270 Valencia St APT 201, San Francisco, CA 94103KW ADVISORS, Jennifer Rosdail DRE #01349379$424,9982 bds1 ba816 sqft - Condo for saleShow more"
"2111 Hyde Street #301, San Francisco, CA 94109VANGUARD PROPERTIES","$1,900,0002",2.0,2,"1,820",Condo,https://www.zillow.com/homedetails/2111-Hyde-St-301-San-Francisco-CA-94109/80743539_zpid/,"2111 Hyde Street #301, San Francisco, CA 94109VANGUARD PROPERTIES$1,900,0002 bds2 ba1,820 sqft - Condo for saleShow more"
